"Time (s)"	"Linear Acceleration x (m/s^2)"	"Linear Acceleration y (m/s^2)"	"Linear Acceleration z (m/s^2)"	"Absolute acceleration (m/s^2)"
1.540005530E-1	-4.539990425E-2	-2.792440355E-1	6.042041779E-1	6.671589550E-1
1.707121910E-1	-2.988183498E-2	-6.298512816E-1	3.779525757E-1	7.351555689E-1
1.874125980E-1	-6.299778223E-1	-3.697570860E-1	-8.479595184E-2	7.353792985E-1
2.041417940E-1	-1.145677567E-1	-1.226058602E-1	-1.079120636E-1	1.995068452E-1
2.208398410E-1	4.611430168E-1	-4.050515890E-1	1.403703690E-1	6.296217215E-1
2.375586210E-1	-7.627925873E-1	2.644704580E-1	-3.777446747E-1	8.913406720E-1
2.542844190E-1	-2.872093916E-1	-5.940662026E-1	-4.090929031E-1	7.763767714E-1
2.709753870E-1	-1.132239103E-1	-1.422784567E0	-3.943328857E-1	1.480754538E0
2.876581050E-1	-7.116265297E-1	-1.069116354E0	-3.850765228E-1	1.340785600E0
3.043739140E-1	-9.349262714E-2	-3.122052550E-1	-2.869424820E-1	4.342222709E-1
3.210845340E-1	-5.036633015E-1	-7.676703334E-1	5.149936676E-2	9.195904778E-1
3.377952670E-1	-8.441143036E-1	-1.477837086E0	6.295289993E-1	1.814617913E0
3.545061120E-1	-1.159469843E0	-5.043179393E-1	9.245109558E-1	1.566342047E0
3.712162850E-1	-1.423257589E0	-1.080537558E0	8.370704651E-1	1.973299405E0
3.879548800E-1	-8.917915225E-1	-1.506830931E0	4.799423218E-1	1.815537443E0
4.046455830E-1	-1.253702641E0	-5.423722863E-1	1.995754242E-2	1.366139199E0
4.213676690E-1	-8.784564734E-1	-1.160916924E0	-3.571214676E-1	1.498982863E0
4.380640380E-1	-1.469415545E0	-1.138889551E0	-2.222995758E-1	1.872343066E0
4.547915250E-1	-1.031279564E0	-1.287508607E0	-1.762151718E-1	1.658996003E0
4.715027460E-1	-9.924389124E-1	-9.976232052E-1	-6.882190704E-2	1.408873135E0
4.882123600E-1	-1.619544744E0	-1.006574631E0	-3.100471497E-1	1.931902405E0
5.049238660E-1	-1.427653432E0	-8.785015345E-1	-8.444976807E-2	1.678419206E0
5.216301020E-1	-1.377727151E0	-1.176762462E0	-1.130313873E-1	1.815400256E0
5.383210190E-1	-2.028829336E0	-8.770006299E-1	1.701955795E-1	2.216809671E0
5.550330440E-1	-1.869952679E0	-1.089564085E0	4.108715057E-1	2.202881819E0
5.717433900E-1	-1.694099188E0	-1.137403250E0	2.440280914E-1	2.055044506E0
5.884535130E-1	-2.457085133E0	-1.111757994E0	1.973114014E-1	2.704108906E0
6.051646230E-1	-2.417634487E0	-1.114480495E0	3.318881989E-2	2.662353242E0
6.218754260E-1	-1.591727495E0	-1.064010262E0	3.823690414E-1	1.952413978E0
6.386143560E-1	-2.516436338E0	-1.009591103E0	5.248260498E-2	2.711914538E0
6.553011040E-1	-2.119098663E0	-8.373531103E-1	-1.895904541E-3	2.278539657E0
6.720295350E-1	-2.146221876E0	-7.853368521E-1	5.093669891E-2	2.285960818E0
6.887402890E-1	-2.254384279E0	-4.497376084E-1	1.342878342E-1	2.302725693E0
7.054509200E-1	-2.704455376E0	-5.950429440E-1	-1.171274185E-1	2.771619349E0
7.221569940E-1	-2.292224646E0	-5.831933022E-1	-5.469417572E-2	2.365882437E0
7.388761800E-1	-2.614529133E0	-4.097197056E-1	-3.835868835E-2	2.646715741E0
7.556105950E-1	-2.739885330E0	-4.129683971E-1	-1.893720627E-1	2.777296581E0
7.722844010E-1	-2.439529896E0	-4.845993221E-1	1.885738373E-1	2.494334121E0
7.889837410E-1	-2.903723001E0	-2.322315574E-1	1.048145294E-1	2.914879903E0
8.056918500E-1	-2.910084248E0	-1.861670911E-1	1.745529175E-1	2.921252682E0
8.224020320E-1	-2.389257431E0	-3.398774862E-1	2.400064468E-1	2.425215634E0
8.391131220E-1	-3.016624451E0	-1.903843284E-1	1.418457031E-1	3.025952655E0
8.558233650E-1	-2.841081142E0	-1.488235593E-1	3.709287643E-1	2.869055360E0
8.725342000E-1	-3.358586311E0	8.203157783E-2	2.425098419E-2	3.359675476E0
8.892677200E-1	-2.733997107E0	2.727468014E-1	1.932544708E-1	2.754356238E0
9.059822250E-1	-2.588120222E0	3.653247356E-1	-4.072570801E-2	2.614093921E0
9.226875980E-1	-2.705828190E0	5.471100807E-1	-2.559556961E-1	2.772426546E0
9.393997040E-1	-3.017495155E0	1.222019196E-1	-2.409915924E-1	3.029568826E0
9.561086970E-1	-2.554404259E0	2.585668862E-1	-2.166080475E-1	2.576578545E0
9.728203460E-1	-2.729183197E0	8.146529198E-1	-7.819080353E-2	2.849247989E0
9.895282310E-1	-2.657575130E0	6.161670089E-1	-9.331798553E-2	2.729665841E0
1.006243041E0	-2.407021523E0	7.253418565E-1	2.180233002E-1	2.523372263E0
1.022947498E0	-2.960710049E0	9.618148804E-1	2.168750763E-1	3.120565118E0
1.039666410E0	-2.677042007E0	1.314978361E0	1.980152130E-1	2.989135665E0
1.056372544E0	-2.750208855E0	1.288129807E0	2.847833633E-1	3.050250597E0
1.073083929E0	-2.236862659E0	1.304436445E0	2.499513626E-1	2.601458184E0
1.089793421E0	-2.886724234E0	1.117879272E0	-3.531551361E-2	3.095816217E0
1.106505038E0	-2.176323891E0	8.350349665E-1	4.127788544E-2	2.331388628E0
1.123215669E0	-2.487715721E0	1.340382099E0	2.127895355E-1	2.833837163E0
1.139925324E0	-2.499939919E0	1.634710789E0	-1.933393478E-1	2.993218846E0
1.156636910E0	-1.994889736E0	1.640029550E0	1.590766907E-1	2.587390070E0
1.173330279E0	-2.270428658E0	1.373614192E0	2.107334137E-2	2.653696728E0
1.190053463E0	-1.889639139E0	1.173642039E0	-5.447387695E-2	2.225115529E0
1.206772263E0	-1.746420741E0	1.804489374E0	3.185749054E-2	2.511410402E0
1.223478174E0	-2.108893156E0	1.550336361E0	-8.870887756E-2	2.618939182E0
1.240189497E0	-2.040121555E0	1.759880543E0	-1.046361923E-1	2.696335331E0
1.256900260E0	-1.533552408E0	2.250604868E0	-3.354263306E-2	2.723624491E0
1.273570028E0	-1.665918708E0	1.633336663E0	1.060571671E-1	2.335448976E0
1.290285665E0	-1.775438786E0	1.737516761E0	2.746057510E-1	2.499311044E0
1.306996559E0	-1.744702220E0	1.565266132E0	2.688169479E-1	2.359302111E0
1.323706479E0	-1.523369074E0	2.118616581E0	1.092710495E-1	2.611729258E0
1.340417294E0	-1.498725891E0	1.804120421E0	1.952791214E-1	2.353542803E0
1.357128015E0	-9.526299834E-1	1.741743684E0	-1.051149368E-1	1.988020145E0
1.373882693E0	-1.047334790E0	1.429455876E0	-6.813144684E-2	1.773385508E0
1.390563814E0	-1.006356001E0	1.388169527E0	-1.589212418E-1	1.721924214E0
1.407303508E0	-6.517238617E-1	2.014947653E0	-4.679107666E-2	2.118241592E0
1.424002766E0	-1.007474661E0	1.915859699E0	9.872627258E-2	2.166857276E0
1.440734414E0	-8.273459673E-1	2.028146505E0	-2.110481262E-3	2.190407280E0
1.457426765E0	-5.243658423E-1	1.872546673E0	2.147073746E-1	1.956397157E0
1.474138180E0	-9.233536720E-1	1.481904268E0	8.423137665E-2	1.748060980E0
1.490847436E0	-8.178462386E-1	1.470140457E0	2.207098007E-1	1.696731638E0
1.507559258E0	-2.495400906E-1	1.907347202E0	1.841173172E-1	1.932393023E0
1.524251905E0	-3.981885314E-1	1.657186031E0	1.250934601E-1	1.708937688E0
1.540979482E0	-1.130130291E-1	1.641543746E0	1.429357529E-1	1.651626000E0
1.557690633E0	-8.341370225E-1	1.054848790E0	5.070400238E-2	1.345756827E0
1.574401742E0	2.714845538E-1	1.686357975E0	1.647119522E-1	1.715994496E0
1.591110837E0	-4.493501186E-1	1.432786703E0	-1.489505768E-1	1.508966381E0
1.607822933E0	7.010102272E-2	1.553267002E0	1.500062943E-1	1.562067355E0
1.624533351E0	-2.434390783E-1	1.014944196E0	-4.334449768E-3	1.043739955E0
1.641241102E0	3.654561639E-1	1.238750696E0	1.601943970E-1	1.301431420E0
1.657953555E0	-2.934974432E-1	1.068029404E0	-1.008625031E-1	1.112205377E0
1.674664989E0	1.703956127E-1	1.091488957E0	1.561937332E-1	1.115696774E0
1.691374948E0	3.187774420E-1	4.094986022E-1	8.482551575E-2	5.258360303E-1
1.708086200E0	2.653969526E-1	6.929652691E-1	3.600502014E-2	7.429217779E-1
1.724796821E0	6.929516792E-2	1.068033338E0	-3.805732727E-2	1.070955364E0
1.741506608E0	2.513613701E-1	9.502471089E-1	1.868305206E-1	1.000528735E0
1.758217747E0	3.321961164E-1	4.707193375E-1	2.184562683E-1	6.161607709E-1
1.774884332E0	1.493120193E-1	7.514781952E-1	1.789388657E-1	7.867862954E-1
1.791602979E0	6.370294094E-1	9.189231396E-1	3.228569031E-2	1.118601167E0
1.808314017E0	4.014605284E-1	3.817209303E-1	-2.059707642E-1	5.910206259E-1
1.825024577E0	2.495452166E-1	-6.592819840E-2	-1.104192734E-1	2.807343199E-1
1.841735624E0	5.070834160E-1	-3.164447844E-1	-7.522773743E-2	6.024368057E-1
1.858445401E0	6.473338604E-2	7.470308542E-1	-1.183567047E-1	7.591138373E-1
1.875200852E0	6.896145940E-1	-4.646933079E-2	5.646600723E-1	8.925069659E-1
1.891900874E0	9.737241268E-2	3.015513122E-1	4.267940521E-1	5.315710146E-1
1.908615381E0	2.515565157E-1	4.030460119E-2	3.987693787E-1	4.732041408E-1
1.925322655E0	1.830558777E-1	1.699731946E-1	1.337614059E-1	2.833592331E-1
1.942034252E0	1.924605370E-1	-4.701719284E-1	-6.782245636E-2	5.125452040E-1
1.958745280E0	1.506731510E-1	-7.094956040E-1	-5.311203003E-2	7.272601311E-1
1.975455026E0	5.453173518E-1	-6.630167365E-1	2.343635559E-1	8.898811625E-1
1.992122820E0	5.366921425E-3	-5.270525217E-1	-3.276062012E-2	5.280969823E-1
2.008875536E0	2.589557171E-1	-4.031724632E-1	-1.935958862E-3	4.791762165E-1
2.025587327E0	4.523098469E-2	-4.260550141E-1	4.175567627E-2	4.304790977E-1
2.042293715E0	-2.260413170E-1	-7.145019770E-1	-1.176166534E-2	7.494972240E-1
2.059012953E0	2.307066321E-1	-9.649953842E-1	4.032659531E-1	1.071011237E0
2.075749340E0	-3.736056089E-1	-3.530869484E-1	8.048439026E-2	5.203165202E-1
2.092429566E0	-3.949701786E-2	-7.846592665E-1	1.804676056E-1	8.061133516E-1
2.109140736E0	-1.259514093E-1	-6.740605235E-1	1.160278320E-1	6.954737987E-1
2.125849972E0	-3.217460513E-1	-1.067903042E0	8.925056458E-2	1.118884753E0
2.142561560E0	-3.012974858E-1	-1.216263652E0	2.401351929E-3	1.253029613E0
2.159271571E0	-5.935744047E-1	-1.288814664E0	-1.828870773E-1	1.430671694E0
2.175982873E0	-4.187474847E-1	-9.215910435E-1	9.013843536E-2	1.016269868E0
2.192693464E0	-5.828549862E-1	-9.328886271E-1	1.538534164E-1	1.110707882E0
2.209403180E0	-5.909224153E-1	-1.069246411E0	2.032346725E-1	1.238459334E0
2.226114207E0	-6.973601580E-1	-1.037548423E0	1.875238419E-1	1.264113567E0
2.242825662E0	-6.740314364E-1	-9.703903794E-1	1.174240112E-1	1.187334942E0
2.259491270E0	-9.001301527E-1	-1.244697094E0	-2.496719360E-3	1.536070109E0
2.276210567E0	-7.547457218E-1	-1.194949508E0	-1.590566635E-1	1.422267363E0
2.292921229E0	-1.054038286E0	-1.351375818E0	-2.009201050E-2	1.713947782E0
2.309632023E0	-9.497503638E-1	-1.189467311E0	2.481937408E-2	1.522325274E0
2.326342003E0	-1.432737589E0	-1.352170587E0	1.952829361E-1	1.979706473E0
2.343052817E0	-9.636871219E-1	-1.109239101E0	3.958196640E-1	1.521767873E0
2.359807323E0	-1.525799632E0	-1.198622227E0	3.130626678E-1	1.965392580E0
2.376507241E0	-1.527208328E0	-1.225624084E0	2.448225021E-1	1.973438049E0
2.393197396E0	-1.450644851E0	-1.025575519E0	3.216953278E-1	1.805453824E0
2.409900856E0	-1.481991649E0	-9.797990918E-1	-1.644134521E-3	1.776600183E0
2.426641465E0	-1.113936901E0	-9.315999746E-1	-6.049156189E-3	1.452160640E0
2.443352523E0	-1.651829123E0	-1.676425099E0	-1.951961517E-1	2.361576191E0
2.460061720E0	-1.772466898E0	-9.869512320E-1	-5.878896713E-1	2.112185102E0
2.476773246E0	-1.418722153E0	-7.847978473E-1	8.140277863E-2	1.623362751E0
2.493467042E0	-1.641129971E0	-7.804297805E-1	1.865730286E-1	1.826797120E0
2.510194112E0	-1.912565231E0	-7.194597721E-1	4.243803024E-1	2.087013840E0
2.526903816E0	-2.168920040E0	-7.799335718E-1	2.176637650E-1	2.315143199E0
2.543616095E0	-1.879853249E0	-7.549380064E-1	7.387447357E-2	2.027125321E0
2.560326087E0	-2.282197475E0	-1.051594257E0	1.132955551E-1	2.515375058E0
2.577037389E0	-1.828029633E0	-3.424813151E-1	2.276058197E-1	1.873710276E0
2.593719476E0	-2.443913221E0	-7.293487191E-1	-2.517700195E-2	2.550548033E0
2.610458214E0	-2.061494827E0	-7.054216862E-1	2.120027542E-1	2.189138151E0
2.627167135E0	-1.868509054E0	-6.550828815E-1	1.113042831E-1	1.983141021E0
2.643862691E0	-2.550768375E0	-3.581322432E-1	6.539249420E-2	2.576616810E0
2.660589578E0	-2.440278053E0	-2.249072194E-1	-1.221942902E-2	2.450650842E0
2.677299700E0	-1.865501165E0	-4.087986648E-1	-3.716850281E-2	1.910128908E0
2.693994442E0	-2.203730106E0	-4.293432236E-1	-1.458892822E-1	2.249899035E0
2.710721970E0	-2.384577274E0	-2.867101133E-1	-2.282571793E-1	2.412573897E0
2.727431237E0	-1.993271112E0	-2.232030034E-1	-3.654861450E-2	2.006062090E0
2.744142641E0	-2.435048819E0	8.174338937E-2	-1.541299820E-1	2.441290802E0
2.760809164E0	-2.455042601E0	-3.845354915E-2	1.216077805E-1	2.458353371E0
2.777528533E0	-2.378881454E0	-2.867847681E-2	2.575836182E-1	2.392958159E0
2.794238585E0	-2.507947683E0	2.643852532E-1	3.732528687E-1	2.549317330E0
2.810949531E0	-2.538794518E0	3.362499475E-1	4.055070877E-1	2.592870538E0
2.827660203E0	-2.312017202E0	4.554131031E-1	2.892541885E-1	2.374129867E0
2.844371210E0	-2.848636866E0	4.921008646E-1	3.017520905E-2	2.890986993E0
2.861125013E0	-2.206735849E0	2.226966321E-1	-3.595542908E-2	2.218235716E0
2.877827669E0	-2.331728935E0	-2.717226744E-4	-1.326913834E-1	2.335501425E0
2.894516308E0	-1.846564174E0	6.763427258E-1	1.379203796E-2	1.966577980E0
2.911253224E0	-2.563432217E0	8.340572119E-1	-3.801994324E-1	2.722386411E0
2.927914966E0	-2.225866795E0	6.869342327E-1	2.425003052E-2	2.329581441E0
2.944634661E0	-2.066749811E0	7.827996016E-1	-5.924987793E-2	2.210823500E0
2.961361415E0	-2.180437088E0	1.081899166E0	-8.136749268E-2	2.435453216E0
2.978068435E0	-2.371442556E0	7.277655005E-1	1.597127914E-1	2.485737435E0
2.994778802E0	-1.906565070E0	1.059915304E0	1.876869202E-1	2.189437644E0
3.011486656E0	-2.182924032E0	1.000784159E0	2.707614899E-1	2.416617067E0
3.028204154E0	-1.811060309E0	1.239525199E0	1.104116440E-1	2.197396845E0
3.044910493E0	-1.902027249E0	1.383893251E0	-3.277587891E-2	2.352433303E0
3.061621448E0	-2.576736927E0	1.152624130E0	-1.173315048E-1	2.825222515E0
3.078332293E0	-1.786717057E0	8.580334783E-1	-7.987022400E-3	1.982080494E0
3.095042620E0	-1.830162406E0	1.288443923E0	3.792381287E-2	2.238530855E0
3.111753412E0	-1.673724413E0	1.367067575E0	1.903076172E-1	2.169434063E0
3.128463871E0	-1.695122123E0	1.363443851E0	-7.125186920E-2	2.176578732E0
3.145201928E0	-1.515980482E0	1.492286563E0	1.811790466E-2	2.127309161E0
3.161907919E0	-1.776731968E0	1.412147284E0	-1.704454422E-1	2.275958718E0
3.178618510E0	-1.345686674E0	1.441457152E0	1.834964752E-2	1.972056809E0
3.195316263E0	-1.583156824E0	1.512215495E0	4.053115845E-4	2.189333551E0
3.212039690E0	-1.561479807E0	1.363716602E0	-2.627563477E-2	2.073314392E0
3.228749365E0	-1.004369378E0	1.671973228E0	1.800060272E-1	1.958737985E0
3.245416825E0	-1.588950157E0	1.505063772E0	1.755313873E-1	2.195629939E0
3.262135481E0	-9.161480665E-1	1.815860748E0	2.152862549E-1	2.045244657E0
3.278846194E0	-1.532696724E0	1.290350199E0	9.524726868E-2	2.005800320E0
3.295556703E0	-1.031460285E0	1.370007753E0	7.474994659E-2	1.716513652E0
3.312267762E0	-1.033625722E0	1.551802516E0	-1.939496994E-1	1.874590533E0
3.328977874E0	-5.958852172E-1	1.615044951E0	4.149246216E-2	1.721967192E0
3.345732674E0	-8.516183496E-1	1.541406393E0	-2.373981476E-2	1.761178884E0
3.362434201E0	-8.390042782E-1	1.668128371E0	-8.699989319E-2	1.869264407E0
3.379145636E0	-6.910887957E-1	1.591556549E0	5.740547180E-2	1.736073547E0
3.395855859E0	-5.434101820E-1	1.738781810E0	-4.717826843E-3	1.821724201E0
3.412566725E0	-4.793927968E-1	1.600382090E0	1.074562073E-1	1.674092925E0
3.429277356E0	-8.287241459E-1	1.378150702E0	2.661170959E-1	1.630000422E0
3.445988414E0	-1.917464733E-1	1.573953986E0	2.586116791E-1	1.606542206E0
3.462697539E0	-5.364202857E-1	1.198445201E0	2.272663116E-1	1.332541781E0
3.479409127E0	-4.863864183E-1	1.750043631E0	-6.347942352E-2	1.817485652E0
3.496119839E0	-5.256046057E-1	1.254395127E0	-1.074495316E-1	1.364299358E0
3.512833420E0	9.612560272E-2	1.140311599E0	-3.788089752E-2	1.144982810E0
3.529538711E0	3.553414345E-2	1.001351237E0	-7.959461212E-2	1.005137940E0
3.546251905E0	-3.152946234E-1	1.764527321E0	-1.695070267E-1	1.800472160E0
3.562961509E0	2.077728510E-2	1.236576319E0	2.489089966E-1	1.261549990E0
3.579673036E0	-8.776205778E-2	1.341871858E0	8.805847168E-2	1.347618847E0
3.596383168E0	2.230480313E-1	1.412919760E0	2.506809235E-1	1.452216787E0
3.613093402E0	-7.870006561E-2	1.145192623E0	3.709793091E-2	1.148492969E0
3.629804471E0	3.132939339E-2	1.280402422E0	-1.080894470E-2	1.280831264E0
3.646515834E0	-3.329575062E-2	6.542226076E-1	-4.740905762E-2	6.567826475E-1
3.663271163E0	4.147244692E-1	4.450008869E-1	1.910982132E-1	6.376054437E-1
3.679936334E0	4.674752951E-1	8.942117691E-1	2.059593201E-1	1.029838376E0
3.696647941E0	2.881460190E-1	1.415114164E0	-3.675937653E-2	1.444620185E0
3.713357026E0	1.766463518E-1	6.157711744E-1	1.270112991E-1	6.530772871E-1
3.730067738E0	6.619465351E-1	6.871202588E-1	1.484508514E-1	9.655801990E-1
3.746734342E0	6.503891945E-1	8.568717241E-1	-6.721305847E-2	1.077846395E0
3.763443377E0	-1.698192358E-1	7.786327600E-1	-2.904958725E-1	8.482307468E-1
3.780164465E0	4.818253517E-1	5.124299526E-1	1.256189346E-1	7.145069927E-1
3.796874414E0	1.027198792E0	3.157200217E-1	4.363431931E-1	1.159832691E0
3.813585534E0	2.275450230E-1	6.601785421E-1	2.045440674E-1	7.276336444E-1
3.830296044E0	3.036315441E-1	7.905555964E-1	1.417455673E-1	8.586396633E-1
3.847046082E0	4.706946611E-1	-9.243749082E-3	1.472072601E-1	4.932635080E-1
3.863757445E0	7.077214718E-1	7.196533680E-2	8.218765259E-2	7.161029965E-1
3.880435291E0	4.100927114E-1	-1.494850218E-2	-1.127605438E-1	4.255754104E-1
3.897151771E0	5.719017982E-1	4.070752859E-2	5.264949799E-2	5.757610089E-1
3.913862118E0	1.916706562E-1	4.937781692E-1	-1.171140671E-1	5.424667967E-1
3.930572637E0	3.838675022E-1	-7.767528296E-3	1.010255814E-1	3.970148131E-1
3.947283481E0	6.880561113E-1	2.232881486E-1	7.801818848E-2	7.275751833E-1
3.963994265E0	4.101673961E-1	2.441656590E-2	1.142282486E-1	4.264757370E-1
3.980732128E0	4.432523847E-1	-2.733021975E-3	1.047391891E-1	4.554672806E-1
3.997437601E0	5.652227402E-1	-2.280551493E-1	4.596710205E-3	6.095137627E-1
4.014168599E0	-1.057839394E-2	-7.459712029E-1	-7.005310059E-2	7.493279488E-1
4.030851773E0	4.300699234E-1	-6.855395436E-1	-1.041603088E-2	8.093411509E-1
4.047589148E0	7.683395147E-1	-1.828475595E-1	1.273441315E-2	7.898993640E-1
4.064279658E0	3.737437725E-2	-6.676449180E-1	1.451873779E-1	6.842703817E-1
4.080991000E0	1.569839716E-1	-7.492367029E-1	2.362499237E-1	8.011327173E-1
4.097700675E0	5.583162904E-1	7.047992945E-2	2.365360260E-1	6.104373777E-1
4.114412019E0	1.820612550E-1	-3.334463835E-1	2.205858231E-1	4.393072917E-1
4.131122364E0	-3.181922436E-2	-9.905565977E-1	2.930068970E-2	9.915005631E-1
4.147833190E0	2.812327743E-1	-9.341301918E-1	1.161594391E-1	9.824378371E-1
4.164543922E0	4.606562853E-2	-4.572009444E-1	-1.368293762E-1	4.794549238E-1
4.181253892E0	5.249345303E-2	-9.195597172E-1	-1.342058182E-1	9.307829165E-1
4.197965398E0	-7.943648100E-2	-1.110111594E0	-1.322002411E-1	1.120774201E0
4.214676070E0	-1.305150390E-1	-4.955834746E-1	1.114177704E-1	5.244531202E-1
4.231341545E0	4.600697756E-2	-8.213437796E-1	1.086893082E-1	8.297804601E-1
4.248061393E0	1.322719455E-1	-1.082375288E0	3.777256012E-1	1.153996864E0
4.264771617E0	-2.857536077E-1	-8.146473169E-1	1.857652664E-1	8.830708406E-1
4.281482410E0	-3.572295904E-1	-9.595217705E-1	2.421798706E-1	1.052115059E0
4.298192868E0	-1.041445732E-1	-8.564333320E-1	7.530117035E-2	8.660221767E-1
4.314903713E0	-4.288687706E-1	-1.210805535E0	-1.087064743E-1	1.289106498E0
4.331657781E0	-3.841938376E-1	-1.148164511E0	-1.496410370E-1	1.219950445E0
4.348355565E0	-4.070703387E-1	-1.214658260E0	-9.263420105E-2	1.284399488E0
4.365075320E0	-4.426101148E-1	-1.116094947E0	5.490493774E-2	1.201909396E0
4.381770295E0	-5.816221237E-1	-9.667410254E-1	1.692705154E-1	1.140843991E0
4.398504506E0	-6.267441511E-1	-9.939677715E-1	2.599668503E-1	1.203479508E0
4.415208302E0	-6.183909178E-1	-9.847022891E-1	1.685075760E-1	1.174921584E0
4.431908373E0	-7.775220871E-1	-1.065705419E0	6.265354156E-2	1.320679409E0
4.448606818E0	-7.710546255E-1	-1.006629825E0	1.996994019E-3	1.268003481E0
4.465334458E0	-6.142068505E-1	-1.034305573E0	-3.007602692E-2	1.203304882E0
4.482045445E0	-9.364129305E-1	-1.235219717E0	-2.151670456E-1	1.564906957E0
4.498755099E0	-8.512994647E-1	-1.251871824E0	-2.060127258E-2	1.514040374E0
4.515466809E0	-1.145915151E0	-9.586616755E-1	2.308921814E-1	1.511775426E0
4.532177195E0	-9.717282653E-1	-1.002277851E0	2.583169937E-1	1.419698694E0
4.548887185E0	-1.411410809E0	-1.045599580E0	4.606819153E-2	1.757122998E0
4.565598438E0	-7.769248486E-1	-1.145102739E0	1.629333496E-1	1.393348406E0
4.582309332E0	-1.190229058E0	-4.604414701E-1	-3.627490997E-2	1.276701777E0
4.599018723E0	-1.127144694E0	-1.091017604E0	3.510761261E-2	1.569078430E0
4.615730077E0	-1.169238567E0	-8.637756109E-1	1.416311264E-1	1.460577458E0
4.632450198E0	-1.452376604E0	-8.433313370E-1	7.421207428E-2	1.681104689E0
4.649141664E0	-1.431963921E0	-8.120229244E-1	6.105518341E-2	1.647309818E0
4.665861654E0	-1.212605476E0	-9.630163908E-1	-8.383750916E-3	1.548509896E0
4.682572824E0	-1.259890914E0	-1.001039147E0	-7.707691193E-2	1.611007554E0
4.699282428E0	-1.644997120E0	-8.915079832E-1	-8.665084839E-2	1.873048419E0
4.715993923E0	-1.419358134E0	-8.789192438E-1	2.188301086E-2	1.669597382E0
4.732659714E0	-1.562540054E0	-7.594133019E-1	2.630424500E-2	1.737507381E0
4.749379195E0	-1.520825148E0	-6.125715971E-1	1.538677216E-1	1.646762997E0
4.766089887E0	-1.774277687E0	-5.591255426E-1	1.159353256E-1	1.863900127E0
4.782800773E0	-1.643471003E0	-5.272200108E-1	2.084932327E-1	1.738512958E0
4.799510886E0	-1.791221976E0	-5.686635971E-1	6.704330444E-3	1.879334830E0
4.816221903E0	-1.505843043E0	-6.893022060E-1	-2.888870239E-2	1.656362086E0
4.832976235E0	-1.745889187E0	-5.572474599E-1	-2.394237518E-1	1.848236326E0
4.849678983E0	-1.450217962E0	-8.156591058E-1	1.354694366E-2	1.663915693E0
4.866385005E0	-2.067777157E0	-2.736215293E-1	7.383251190E-2	2.087108610E0
4.883081639E0	-1.928908825E0	-2.255150378E-1	5.740261078E-2	1.942895094E0
4.899787072E0	-1.539666653E0	-3.570945859E-1	2.664690018E-1	1.602839878E0
4.916498659E0	-1.958698750E0	-1.307256520E-1	1.368503571E-1	1.967820624E0
4.933206147E0	-1.873702526E0	-1.534329653E-1	8.798027039E-2	1.882031710E0
4.949922719E0	-1.984192610E0	-6.785416603E-2	4.446887970E-2	1.985850443E0
4.966629982E0	-1.694405317E0	-1.624120921E-1	-1.381797791E-1	1.707770687E0
4.983341234E0	-1.788528085E0	-2.736422420E-1	-2.421445847E-1	1.825471661E0
5.000078518E0	-1.781496763E0	-3.165950775E-1	-6.011772156E-2	1.810408048E0
5.016784754E0	-1.634707212E0	1.336904168E-1	1.450681686E-1	1.646567816E0
5.033494765E0	-1.932958126E0	5.729237199E-2	7.462978363E-2	1.935246531E0
5.050206098E0	-1.970184445E0	2.689917684E-1	1.343164444E-1	1.992993785E0
5.066916708E0	-1.881314039E0	3.485896587E-1	-8.710193634E-2	1.915318253E0
5.083626404E0	-1.835511684E0	2.267339528E-1	-5.708694458E-3	1.849471281E0
5.100337614E0	-1.980756402E0	2.084114254E-1	1.375255585E-1	1.996432950E0
5.117048886E0	-1.884213090E0	1.575656533E-1	6.094264984E-2	1.891771633E0
5.133757940E0	-1.540249348E0	2.849480808E-1	1.014146805E-1	1.569665060E0
5.150469620E0	-2.014928818E0	2.952179313E-1	-2.497673035E-2	2.036594119E0
5.167179497E0	-1.784662962E0	7.528339624E-1	-6.294822693E-2	1.937974030E0
5.183890841E0	-1.676126480E0	6.405187249E-1	9.453105927E-2	1.796830636E0
5.200601422E0	-1.699967623E0	5.085577369E-1	-1.416969299E-2	1.774463770E0
5.217267791E0	-1.739909649E0	6.023555398E-1	-8.655738831E-2	1.843260688E0
5.233986938E0	-1.516736507E0	7.491556406E-1	-2.905845642E-3	1.691665526E0
5.250697914E0	-1.635360956E0	5.176694393E-1	4.241752625E-2	1.715863151E0
5.267408005E0	-1.687709689E0	6.885242462E-1	6.935310364E-2	1.824072226E0
5.284118718E0	-1.495735645E0	7.903572917E-1	1.540870667E-1	1.698714983E0
5.300829267E0	-1.817576289E0	8.572216034E-1	1.702976227E-2	2.009652322E0
5.317583987E0	-1.434957266E0	9.341657162E-1	-6.146335602E-2	1.713343423E0
5.334276653E0	-1.568954110E0	7.054399252E-1	-1.249313354E-3	1.720251159E0
5.351006195E0	-1.395793915E0	8.781487346E-1	2.556610107E-2	1.649254219E0
5.367707600E0	-1.416787863E0	1.066922665E0	-4.751586914E-2	1.774223655E0
5.384400642E0	-1.409325600E0	9.004082084E-1	-1.242065430E-2	1.672449659E0
5.401128485E0	-1.452827573E0	7.267461419E-1	1.136503220E-1	1.628430013E0
5.417821853E0	-1.243338346E0	1.068462491E0	1.101064682E-1	1.643053795E0
5.434549992E0	-1.296851873E0	1.075566292E0	1.569271088E-2	1.684907680E0
5.451261009E0	-1.288469315E0	1.201596737E0	-8.082008362E-2	1.763666572E0
5.467976137E0	-1.139990330E0	8.483638167E-1	4.506301880E-2	1.421734783E0
5.484681661E0	-1.148664594E0	1.221513152E0	2.813720703E-2	1.676996253E0
5.501391092E0	-1.239561558E0	1.129959822E0	-7.540607452E-2	1.678990211E0
5.518104449E0	-8.912930489E-1	1.083716273E0	1.424694061E-2	1.403227435E0
5.534813656E0	-1.077672362E0	1.188619375E0	8.619403839E-2	1.606743026E0
5.551523656E0	-9.851509333E-1	1.241891146E0	2.432537079E-2	1.585373048E0
5.568234888E0	-8.673412800E-1	1.117174506E0	7.324218750E-2	1.416235924E0
5.584946048E0	-8.966072202E-1	1.140412211E0	-1.194190979E-2	1.450719521E0
5.601655793E0	-1.049897075E0	1.150660992E0	-1.257066727E-1	1.562724145E0
5.618366923E0	-7.508627176E-1	1.200362802E0	1.635713577E-1	1.425279364E0
5.635077240E0	-7.443404794E-1	1.338143110E0	1.103610992E-1	1.535203343E0
5.651788378E0	-9.168805480E-1	1.360074043E0	3.043365479E-2	1.640547942E0
5.668497637E0	-5.750479698E-1	1.018051624E0	1.038398743E-1	1.173836444E0
5.685209041E0	-5.151221752E-1	1.173058987E0	-1.147460938E-2	1.281229842E0
5.701919804E0	-4.866770208E-1	1.335926890E0	-4.059410095E-2	1.422393427E0
5.718585991E0	-6.734439135E-1	1.132376432E0	-1.563949585E-1	1.326748835E0
5.735305076E0	-2.439285666E-1	1.216882467E0	-1.580677032E-1	1.251115296E0
5.752013377E0	-5.181737542E-1	1.136972308E0	-1.127500534E-1	1.254560737E0
5.768729053E0	-4.701762199E-1	1.050790548E0	2.694034576E-2	1.151499994E0
5.785437346E0	-3.788633943E-1	1.208845019E0	1.352729797E-1	1.274026111E0
5.802147579E0	-4.600926638E-1	1.401259661E0	2.243633270E-1	1.491828676E0
5.818902970E0	-3.149001002E-1	1.282141924E0	2.250900269E-1	1.339296646E0
5.835604802E0	-1.405399740E-1	1.066609025E0	1.693944931E-1	1.089082545E0
5.852311475E0	-2.871296406E-1	1.281843185E0	2.604484558E-2	1.313865943E0
5.869029268E0	-1.589742899E-1	1.047462463E0	6.177234650E-2	1.061256925E0
5.885736472E0	-8.656984568E-2	1.011153460E0	-7.553577423E-2	1.017659722E0
5.902454253E0	-1.476306319E-1	9.862779975E-1	-2.084379196E-1	1.018815714E0
5.919151284E0	2.073336244E-1	1.043363094E0	-1.485052109E-1	1.074079874E0
5.935891608E0	1.359476447E-1	8.143424392E-1	-4.623985291E-2	8.269059767E-1
5.952579087E0	-6.128239632E-2	1.010713577E0	-9.932804108E-2	1.017429863E0
5.969289901E0	5.215346813E-2	1.091788173E0	2.930355072E-2	1.093425853E0
5.985999667E0	1.241022944E-1	9.465393424E-1	6.943893433E-2	9.571624062E-1
6.002706189E0	2.235718966E-1	8.572935462E-1	1.189451218E-1	8.939152976E-1
6.019425111E0	3.096215725E-1	9.224922657E-1	3.394851685E-1	1.030586085E0
6.036131886E0	-3.449755907E-2	9.356948137E-1	2.658052444E-1	9.733279478E-1
6.052843219E0	1.498501301E-1	7.157252431E-1	1.279125214E-1	7.423471548E-1
6.069552568E0	2.061927319E-1	9.818545580E-1	-3.576278687E-3	1.003277930E0
6.086263829E0	2.579206228E-2	5.481858253E-1	-4.963874817E-3	5.488146952E-1
6.102930181E0	5.464942455E-1	6.345919371E-1	-3.804779053E-2	8.383379518E-1
6.119649468E0	4.563964307E-1	5.982521772E-1	-9.134292603E-3	7.525203020E-1
6.136376263E0	3.335426450E-1	6.687124968E-1	-1.286430359E-1	7.582718048E-1
6.153083782E0	4.394814372E-1	7.659220099E-1	-1.292734146E-1	8.924640467E-1
6.169794647E0	5.511168242E-1	4.192647040E-1	-5.946159363E-2	6.950167818E-1
6.186504891E0	3.882039785E-1	5.856693387E-1	-4.435920715E-2	7.040444890E-1
6.203198412E0	4.504890442E-1	6.475597024E-1	1.369791031E-1	8.006480012E-1
6.219914191E0	4.328140020E-1	4.155045152E-1	2.498388290E-1	6.499164585E-1
6.236623671E0	3.508853912E-1	4.942568243E-1	2.020111084E-1	6.389200686E-1
6.253321343E0	3.492316008E-1	6.181733608E-1	6.290721893E-2	7.127821078E-1
6.270044792E0	4.210462570E-1	2.190927416E-1	4.152202606E-2	4.764511083E-1
6.286755697E0	6.504834890E-1	2.705913186E-1	7.804393768E-2	7.088295193E-1
6.303510335E0	4.928527474E-1	6.019014120E-2	-1.389894485E-1	5.156013485E-1
6.320195942E0	4.706125259E-1	1.680276543E-1	-8.712387085E-2	5.072474850E-1
6.336922869E0	5.795190334E-1	1.293449104E-1	3.827095032E-3	5.937904198E-1
6.353633867E0	5.054756403E-1	1.497777253E-1	6.616973877E-2	5.313355101E-1
6.370389074E0	3.609296083E-1	1.452575326E-1	1.623821259E-1	4.215897150E-1
6.387066511E0	4.840406775E-1	7.914901525E-2	1.241827011E-1	5.059459333E-1
6.403754275E0	5.833325386E-1	8.937838674E-2	1.514310837E-1	6.092591564E-1
6.420503664E0	4.535329938E-1	1.504453719E-1	-2.060413361E-2	4.782787019E-1
6.437187733E0	5.942755342E-1	2.029462159E-2	-8.779144287E-2	6.010678993E-1
6.453897449E0	5.230302811E-1	-1.597873867E-1	1.889324188E-2	5.472199178E-1
6.470608040E0	6.384900808E-1	-1.122230738E-1	7.541942596E-2	6.526497464E-1
6.487317999E0	4.895948172E-1	2.087155282E-1	4.940986633E-2	5.345152866E-1
6.504014165E0	1.796191931E-1	-2.969916761E-1	-2.068996429E-2	3.476998487E-1
6.520740441E0	6.555799246E-1	-3.342634737E-1	1.586265564E-1	7.527811713E-1
6.537449659E0	3.566084504E-1	-5.064570904E-1	-3.886413574E-2	6.206277406E-1
6.554161144E0	3.449919224E-1	-4.460690320E-1	7.060432434E-2	5.683150345E-1
6.570872324E0	3.282421827E-1	-3.572696745E-1	1.847238541E-1	5.191410725E-1
6.587581948E0	3.671326041E-1	-2.191031873E-1	1.877746582E-1	4.669602531E-1
6.604292794E0	3.470811248E-1	-4.074102938E-1	1.693420410E-1	5.613601175E-1
6.621003628E0	3.999960423E-1	-2.461912632E-1	1.043376923E-1	4.811375333E-1
6.637714279E0	4.204627275E-1	-3.181182742E-1	-6.398200989E-3	5.272846277E-1
6.654425286E0	5.768893957E-1	-4.053131938E-1	-9.365367889E-2	7.112321502E-1
6.671118288E0	3.439429998E-1	-3.622037470E-1	-2.180347443E-1	5.450022855E-1
6.687846192E0	2.057623863E-1	-7.193638086E-1	-1.480751038E-1	7.627245146E-1
6.704512411E0	3.745983839E-1	-6.108452082E-1	-1.733369827E-1	7.372255606E-1
6.721232004E0	2.520070076E-1	-6.794231534E-1	3.818702698E-2	7.256594258E-1
6.737942024E0	2.155837417E-1	-5.579540133E-1	2.102365494E-1	6.340255810E-1
6.754652809E0	4.960453510E-2	-6.712815762E-1	2.836542130E-1	7.304377297E-1
6.771363611E0	1.235415936E-1	-5.293866396E-1	2.814149857E-1	6.121332646E-1
6.788074589E0	1.592398286E-1	-6.034340262E-1	1.755619049E-1	6.483146840E-1
6.804822940E0	4.001295567E-2	-8.291351199E-1	1.238145828E-1	8.392831075E-1
6.821535025E0	7.802963257E-2	-6.183027029E-1	9.113025665E-2	6.298345653E-1
6.838241679E0	7.899677753E-2	-8.052357435E-1	-4.730892181E-2	8.104833296E-1
6.854952779E0	2.284785509E-1	-6.842951179E-1	-1.029319763E-1	7.287367483E-1
6.871663185E0	1.487451792E-2	-6.806206703E-1	-1.557044983E-1	6.983621116E-1
6.888371996E0	-1.995134354E-2	-8.705281615E-1	-1.543684006E-1	8.843341785E-1
6.905084702E0	-1.840710640E-2	-8.105039001E-1	-1.414060593E-1	8.229526518E-1
6.921794549E0	9.193509817E-2	-8.687661886E-1	-8.061408997E-3	8.736542446E-1
6.938505181E0	-1.383125782E-1	-9.312445521E-1	5.072689056E-2	9.428255420E-1
6.955216422E0	-1.702426672E-1	-9.714773893E-1	5.650806427E-2	9.878988030E-1
6.971926209E0	-1.144634485E-1	-7.523933053E-1	1.308832169E-1	7.722227550E-1
6.988637461E0	-2.945544422E-1	-9.756471515E-1	1.915483475E-1	1.036986236E0
7.005347939E0	-1.944259703E-1	-8.120024204E-1	2.189483643E-1	8.631846702E-1
7.022058468E0	-2.700019479E-1	-7.503372431E-1	2.279529572E-1	8.293790333E-1
7.038769568E0	-3.768015802E-1	-8.596464992E-1	1.088361740E-1	9.448898598E-1
7.055479598E0	-3.312972188E-1	-8.001691699E-1	9.240245819E-2	8.709573824E-1
7.072190209E0	-3.320416212E-1	-7.486489415E-1	-3.403472900E-2	8.196860610E-1
7.088901297E0	-3.150659800E-1	-7.956106663E-1	-1.789903641E-1	8.742427892E-1
7.105594554E0	-3.291929960E-1	-1.037011266E0	-2.551908493E-1	1.117534234E0
7.122318257E0	-2.227186263E-1	-1.216076374E0	-2.737617493E-1	1.266250698E0
7.139036477E0	-4.588332772E-1	-7.985339165E-1	-5.140399933E-2	9.224027120E-1
7.155743547E0	-3.998415172E-1	-7.910556197E-1	2.589254379E-1	9.234092347E-1
7.172454870E0	-5.807628036E-1	-8.508245349E-1	2.322483063E-1	1.055995785E0
7.189117843E0	-6.042007208E-1	-7.477232814E-1	3.746280670E-1	1.031743575E0
7.205842176E0	-9.150794744E-1	-9.566886425E-1	2.621889114E-1	1.349580168E0
7.222550518E0	-3.438245654E-1	-6.048955321E-1	3.021049500E-1	7.585389491E-1
7.239261140E0	-7.328575253E-1	-9.303636551E-1	-4.410457611E-2	1.185159018E0
7.255971851E0	-6.258472204E-1	-8.091834784E-1	-2.906942368E-1	1.063468751E0
7.272681893E0	-5.432867408E-1	-9.280496836E-1	-2.960405350E-1	1.115381861E0
7.289424161E0	-5.495456457E-1	-9.584799409E-1	-2.056026459E-1	1.123813446E0
7.306147679E0	-7.146230936E-1	-9.007744193E-1	-2.408504486E-2	1.150069915E0
7.322854700E0	-7.847980261E-1	-8.336995840E-1	2.090015411E-1	1.163891998E0
7.339560082E0	-7.260261774E-1	-7.653455734E-1	1.699533463E-1	1.068527958E0
7.356270906E0	-1.058561325E0	-7.952233553E-1	1.381540298E-1	1.331171965E0
7.372992686E0	-8.851191998E-1	-7.267161012E-1	2.078685760E-1	1.163942281E0
7.389691620E0	-8.242601156E-1	-6.883687973E-1	-8.129119873E-3	1.073928499E0
7.406426786E0	-8.573018312E-1	-6.066783667E-1	1.338253021E-1	1.058741839E0
7.423112862E0	-1.018177748E0	-6.048166752E-1	-1.486024857E-1	1.193554287E0
7.439824287E0	-7.054164410E-1	-1.116557002E0	-5.583858490E-2	1.321903870E0
7.456535405E0	-1.010185719E0	-4.146337211E-1	-1.037864685E-1	1.096890122E0
7.473244388E0	-1.001769781E0	-6.746738553E-1	2.899169922E-3	1.207781400E0
7.489955976E0	-1.023845673E0	-7.332919240E-1	2.131547928E-1	1.277267385E0
7.506667450E0	-1.114937782E0	-5.419983864E-1	2.403879166E-1	1.262788525E0
7.523377197E0	-1.060433745E0	-5.014952421E-1	3.916549683E-2	1.173691247E0
7.540087787E0	-1.037482858E0	-5.874168277E-1	5.958557129E-3	1.192251951E0
7.556798886E0	-1.105046272E0	-5.741214156E-1	-4.190444946E-2	1.245993036E0
7.573508653E0	-1.031642199E0	-4.447159767E-1	4.627895355E-2	1.124366340E0
7.590220037E0	-8.935950994E-1	-5.189274549E-1	-4.510402679E-2	1.034326969E0
7.606930668E0	-1.052280903E0	-5.918110013E-1	-2.930345535E-1	1.242338363E0
7.623624534E0	-1.065655470E0	-5.917718410E-1	-1.549530029E-1	1.228749741E0
7.640352104E0	-1.004724503E0	-4.838187099E-1	9.629631042E-2	1.119296587E0
7.657061900E0	-1.148843765E0	-2.859552503E-1	1.663322449E-1	1.195524495E0
7.673772795E0	-1.308464527E0	-3.532807231E-1	1.053714752E-1	1.359407899E0
7.690439278E0	-1.058853149E0	-3.370317519E-1	1.610965729E-1	1.122814544E0
7.707158505E0	-1.286173105E0	-1.557258368E-1	-2.123832703E-3	1.295567946E0
7.723869339E0	-1.064735532E0	-3.111131787E-1	-3.064346313E-2	1.109681118E0
7.740579696E0	-1.311192989E0	-3.243325651E-1	-1.303281784E-1	1.356983457E0
7.757290570E0	-1.056487799E0	-3.158147335E-1	-6.494617462E-2	1.104591970E0
7.774001283E0	-9.946030378E-1	-4.144579768E-1	-2.179718018E-2	1.077722476E0
7.790755910E0	-9.025826454E-1	3.567555547E-1	2.849197388E-2	9.709488916E-1
7.807457762E0	-1.369367838E0	-1.454779506E-1	4.854774475E-2	1.377929241E0
7.824140653E0	-1.188377023E0	-1.044753790E-1	1.287364960E-2	1.193030085E0
7.840856767E0	-1.101356268E0	-1.540349871E-1	4.064369202E-2	1.112818186E0
7.857567246E0	-1.316847205E0	-1.697917581E-1	1.711463928E-2	1.327858695E0
7.874277113E0	-1.146766663E0	-1.381515563E-1	7.343006134E-2	1.157389997E0
7.890988680E0	-1.233078837E0	3.492087126E-2	1.628465652E-1	1.244275649E0
7.907699576E0	-1.211298466E0	1.060074568E-1	6.632804871E-2	1.217735999E0
7.924437552E0	-1.406892776E0	-1.398342848E-1	-2.197265625E-3	1.413826630E0
7.941142709E0	-1.144150496E0	5.938619375E-2	-1.931953430E-2	1.145853534E0
7.957859403E0	-9.838721752E-1	8.436666429E-2	3.718376160E-2	9.881825860E-1
7.974558956E0	-1.196896076E0	9.383536875E-2	-8.632659912E-2	1.203668383E0
7.991284438E0	-1.253998637E0	8.227609098E-3	-4.640579224E-3	1.254034214E0
8.007984867E0	-1.144065380E0	5.589185655E-2	-5.482673645E-3	1.145442951E0
8.024696130E0	-1.138431191E0	-1.813727617E-2	-2.367591858E-2	1.138821798E0
8.041407167E0	-1.165952563E0	2.218225151E-1	-5.448341370E-2	1.188115756E0
8.058117055E0	-1.203779578E0	1.996115595E-1	-1.122474670E-2	1.220268840E0
8.074827565E0	-1.055624485E0	3.575956225E-1	3.383445740E-2	1.115061636E0
8.091538734E0	-1.160517931E0	4.143948555E-1	5.474090576E-4	1.232284571E0
8.108248826E0	-1.229179978E0	3.098155558E-1	-8.421993256E-2	1.270418079E0
8.124960323E0	-1.185180426E0	1.198939011E-1	7.460594177E-3	1.191252639E0
8.141670627E0	-1.081736207E0	1.633159220E-1	1.070346832E-1	1.099218693E0
8.158380507E0	-1.134662271E0	2.929470241E-1	4.409408569E-2	1.172698050E0
8.175047813E0	-1.074123502E0	2.816982269E-1	3.931617737E-2	1.111143983E0
8.191767232E0	-9.479272366E-1	4.129383564E-1	-9.674072266E-3	1.034010503E0
8.208477223E0	-1.001078248E0	3.437322676E-1	-1.866054535E-2	1.058611235E0
8.225188047E0	-1.071842670E0	6.733955741E-1	-1.115598679E-1	1.270729678E0
8.241898831E0	-1.093033552E0	5.905750990E-1	-1.968212128E-1	1.257871171E0
8.258609797E0	-9.978675842E-1	4.120042920E-1	-1.386451721E-1	1.088443722E0
8.275363601E0	-8.032581806E-1	2.831022739E-1	1.396083832E-2	8.518013309E-1
8.292065575E0	-9.932040572E-1	3.306735158E-1	8.585548401E-2	1.050319207E0
8.308777092E0	-1.196437716E0	5.585286617E-1	7.526206970E-2	1.322528584E0
8.325488161E0	-1.148687124E0	6.532412767E-1	1.686668396E-2	1.321548622E0
8.409018020E0	-8.772169352E-1	8.462192416E-1	-7.547569275E-2	1.221185136E0
8.425729028E0	-8.011629581E-1	5.839675665E-1	-4.016780853E-2	9.922165374E-1
8.442439638E0	-8.295192719E-1	5.259516239E-1	-6.770896912E-2	9.845363567E-1
8.459150127E0	-8.099746704E-1	5.614778996E-1	-2.058219910E-2	9.857687484E-1
8.475888610E0	-8.202812672E-1	6.549054980E-1	2.167320251E-2	1.049872514E0
8.492590391E0	-8.603377342E-1	7.737957239E-1	1.603698730E-2	1.157237238E0
8.509291450E0	-7.610540390E-1	6.432152987E-1	7.882690430E-2	9.995713339E-1
8.526015376E0	-6.731081605E-1	6.932236552E-1	6.887435913E-2	9.686987712E-1
8.542725763E0	-7.049042583E-1	6.566981673E-1	3.210163116E-2	9.639362069E-1
8.559435815E0	-7.186920047E-1	6.508544087E-1	3.611564636E-3	9.696095618E-1
8.576146781E0	-6.378848553E-1	7.127283216E-1	7.874488831E-3	9.565253559E-1
8.592852001E0	-7.249074578E-1	8.050374389E-1	-6.875324249E-2	1.085496711E0
8.609571940E0	-6.781647801E-1	6.514984369E-1	-4.421329498E-2	9.414417124E-1
8.626281268E0	-5.638689995E-1	7.901232243E-1	-6.451320648E-2	9.728334451E-1
8.642940315E0	-5.813337564E-1	7.881051302E-1	-3.585815430E-2	9.799716526E-1
8.659698706E0	-6.273365617E-1	7.363259792E-1	4.658317566E-2	9.684508772E-1
8.676367934E0	-6.229070425E-1	7.539820075E-1	2.730274200E-2	9.783902549E-1
8.693085961E0	-6.671987772E-1	7.332119942E-1	-9.431838989E-4	9.913399650E-1
8.709796654E0	-3.907150626E-1	6.572889090E-1	3.129863739E-2	7.652885565E-1
8.726507549E0	-4.404569566E-1	8.090013266E-1	1.153659821E-2	9.212049555E-1
8.743204753E0	-4.510990381E-1	8.280712962E-1	8.339118958E-2	9.466501488E-1
8.759928364E0	-5.260831714E-1	7.954304218E-1	6.027317047E-2	9.555657561E-1
8.776683428E0	-3.776160777E-1	8.257770538E-1	2.469062805E-3	9.080240861E-1
8.793368974E0	-4.151178896E-1	8.390631676E-1	-6.377983093E-2	9.383057755E-1
8.810094986E0	-3.586465716E-1	7.570370436E-1	-5.887413025E-2	8.397610445E-1
8.826806512E0	-2.234796882E-1	7.187900543E-1	-6.346702576E-2	7.554008053E-1
8.843517692E0	-2.590913475E-1	8.274458051E-1	-9.734916687E-2	8.725088807E-1
8.860227572E0	-2.951905131E-1	7.251225710E-1	-1.294021606E-1	7.935270009E-1
8.876938415E0	-3.756652772E-1	8.268908262E-1	-1.100244522E-1	9.148651371E-1
8.893625996E0	-3.347259164E-1	8.093721867E-1	5.714988708E-2	8.777191380E-1
8.910359536E0	-2.926358581E-1	7.127853632E-1	1.010303497E-1	7.771137954E-1
8.927071031E0	-2.699081898E-1	7.286953330E-1	1.298217773E-1	7.878458054E-1
8.943780319E0	-2.472333610E-1	8.052959442E-1	1.477270126E-1	8.552480125E-1
8.960491703E0	-1.947545707E-1	7.962692380E-1	7.109260559E-2	8.228172341E-1
8.977202629E0	-1.379122585E-1	7.491043806E-1	2.382278442E-2	7.620660661E-1
8.993921765E0	-2.008872181E-1	8.357378840E-1	4.124641418E-3	8.595524986E-1
9.010623485E0	-6.724286079E-2	8.384141326E-1	1.800441742E-2	8.412990070E-1
9.027324604E0	-1.710879356E-1	7.072212696E-1	-8.940982819E-2	7.330942117E-1
9.044009164E0	-2.757643163E-2	7.060835361E-1	-1.327314377E-1	7.189798705E-1
9.060720435E0	-1.954159141E-2	6.926889420E-1	-1.228113174E-1	7.037630736E-1
9.077430425E0	-2.866324782E-2	7.590205669E-1	-3.424644470E-3	7.595693063E-1
9.094141158E0	-1.347824037E-1	7.574842572E-1	6.457424164E-2	7.720871252E-1
9.110851809E0	-1.282173991E-1	7.105946541E-1	7.460880280E-2	7.259138636E-1
9.127555635E0	3.928950429E-2	6.012346745E-1	8.928203583E-2	6.090961179E-1
9.144317323E0	5.362853408E-2	6.126408577E-1	8.935642242E-2	6.214413974E-1
9.160975625E0	3.027465940E-2	7.271327972E-1	9.816646576E-2	7.343536715E-1
9.177694354E0	-1.548203826E-2	7.839537859E-1	1.116771698E-1	7.920195845E-1
9.194405219E0	5.837902427E-2	7.005740404E-1	-1.229095459E-2	7.031096388E-1
9.211115514E0	1.111240685E-1	6.085002422E-1	-9.298229218E-2	6.255132373E-1
9.227826431E0	1.626730561E-1	6.251428127E-1	-1.693706512E-1	6.677967333E-1
9.244536868E0	1.664883792E-1	6.435666680E-1	-1.787033081E-1	6.883540578E-1
9.261291648E0	2.121838629E-1	6.082344651E-1	-7.305622101E-2	6.483119370E-1
9.277949575E0	1.432745755E-1	6.241996884E-1	3.941535950E-3	6.404439013E-1
9.294668701E0	9.187942743E-2	6.935226917E-1	1.138267517E-1	7.087821122E-1
9.311395719E0	9.990230203E-2	6.303480268E-1	9.986686707E-2	6.459818077E-1
9.328103268E0	1.203646362E-1	4.922161102E-1	1.014089584E-1	5.167669897E-1
9.344813909E0	1.799128950E-1	5.181459188E-1	1.106386185E-1	5.595397635E-1
9.361524662E0	2.074923813E-1	5.583284497E-1	6.712150574E-2	5.994072427E-1
9.378235680E0	3.006225824E-1	5.897322297E-1	2.832984924E-2	6.625410328E-1
9.394945732E0	3.270906210E-1	6.704593897E-1	-6.316566467E-2	7.486614514E-1
9.411661896E0	2.699924111E-1	5.541283488E-1	-6.190490723E-2	6.195049205E-1
9.428389740E0	1.766069829E-1	3.413155675E-1	-3.063583374E-2	3.855189974E-1
9.445100330E0	3.161968589E-1	4.451737702E-1	-1.309967041E-2	5.461975289E-1
9.461793809E0	2.553322911E-1	4.900817275E-1	-3.292083740E-3	5.526169707E-1
9.478521144E0	3.230920434E-1	6.272860765E-1	4.778766632E-2	7.072198749E-1
9.495218694E0	3.280800879E-1	6.552731991E-1	2.888393402E-2	7.333851588E-1
9.511942630E0	2.917494774E-1	3.206043243E-1	-3.955650330E-2	4.352810670E-1
9.528654024E0	3.812648654E-1	2.151951343E-1	-1.055078506E-1	4.503373735E-1
9.545363333E0	3.378939033E-1	2.393269837E-1	-7.154750824E-2	4.202008340E-1
9.562074747E0	3.410922289E-1	4.162849784E-1	-1.556015015E-2	5.384043184E-1
9.578785775E0	3.779383004E-1	3.373267353E-1	8.508777618E-2	5.136794865E-1
9.595485949E0	3.860753477E-1	3.655006886E-1	7.066726685E-2	5.363196715E-1
9.612213995E0	2.581327260E-1	4.326408505E-1	1.369562149E-1	5.220800844E-1
9.628916030E0	3.973179162E-1	3.787871003E-1	1.034097672E-1	5.586007284E-1
9.645631718E0	4.482757747E-1	4.357982278E-1	5.500221252E-2	6.276117501E-1
9.662294293E0	3.518244624E-1	3.748174310E-1	-2.557945251E-2	5.147065837E-1
9.679013540E0	3.587290347E-1	2.788745761E-1	-9.111595154E-2	4.634216936E-1
9.695724253E0	5.097401738E-1	1.621485502E-1	-2.389526367E-2	5.354420424E-1
9.712435301E0	3.914107680E-1	1.068767607E-1	-2.312850952E-2	4.063987688E-1
9.729145749E0	3.100361526E-1	2.462612092E-1	5.714988708E-2	4.000413837E-1
9.745843003E0	3.981306255E-1	3.617132008E-1	1.468706131E-1	5.575978942E-1
9.762611383E0	4.507599473E-1	3.702684045E-1	4.089450836E-2	5.847696831E-1
9.786068464E0	2.486760318E-1	-1.688864827E-2	-6.020736694E-2	2.564174766E-1
9.862843819E0	4.575954080E-1	6.958281994E-2	7.774829865E-2	4.693400943E-1
9.877466230E0	3.378123045E-1	3.328635395E-1	4.905700684E-3	4.742777191E-1
9.963107961E0	4.464980066E-1	-7.201075554E-2	-5.436134338E-2	4.555229681E-1
9.979818104E0	4.036793709E-1	-1.294071600E-2	1.214408875E-2	4.040692707E-1
9.996557472E0	4.508102536E-1	-3.594310582E-2	7.424354553E-3	4.523017938E-1
1.001325830E1	4.684010446E-1	-3.616574034E-2	2.122402191E-2	4.702743438E-1